year,geo_name,geo,income
2013,"Census Tract 1401.05","14000US25025140105",62318.0
2014,"Census Tract 1401.05","14000US25025140105",65375.0
2015,"Census Tract 1401.05","14000US25025140105",72945.0
2013,"Census Tract 1402.01","14000US25025140201",76567.0
2014,"Census Tract 1402.01","14000US25025140201",76976.0
2015,"Census Tract 1402.01","14000US25025140201",79450.0
2013,"Census Tract 1304.06","14000US25025130406",31771.0
2014,"Census Tract 1304.06","14000US25025130406",40968.0
2015,"Census Tract 1304.06","14000US25025130406",41981.0
2013,"Census Tract 1304.04","14000US25025130404",71563.0
2014,"Census Tract 1304.04","14000US25025130404",72564.0
2015,"Census Tract 1304.04","14000US25025130404",72976.0
2013,"Census Tract 1401.07","14000US25025140107",58539.0
2014,"Census Tract 1401.07","14000US25025140107",63621.0
2015,"Census Tract 1401.07","14000US25025140107",62909.0
2013,"Census Tract 819","14000US25025081900",31411.0
2014,"Census Tract 819","14000US25025081900",30985.0
2015,"Census Tract 819","14000US25025081900",21594.0
2013,"Census Tract 901","14000US25025090100",31471.0
2014,"Census Tract 901","14000US25025090100",31778.0
2015,"Census Tract 901","14000US25025090100",30943.0
2013,"Census Tract 806.01","14000US25025080601",23412.0
2014,"Census Tract 806.01","14000US25025080601",16832.0
2015,"Census Tract 806.01","14000US25025080601",16892.0
2013,"Census Tract 1402.02","14000US25025140202",66042.0
2014,"Census Tract 1402.02","14000US25025140202",71570.0
2015,"Census Tract 1402.02","14000US25025140202",71919.0
2013,"Census Tract 1403","14000US25025140300",58870.0
2014,"Census Tract 1403","14000US25025140300",50703.0
2015,"Census Tract 1403","14000US25025140300",44771.0
2013,"Census Tract 1404","14000US25025140400",58508.0
2014,"Census Tract 1404","14000US25025140400",58690.0
2015,"Census Tract 1404","14000US25025140400",63500.0
2013,"Census Tract 1401.06","14000US25025140106",32500.0
2014,"Census Tract 1401.06","14000US25025140106",30625.0
2015,"Census Tract 1401.06","14000US25025140106",37813.0
2013,"Census Tract 5.03","14000US25025000503",55962.0
2014,"Census Tract 5.03","14000US25025000503",44167.0
2015,"Census Tract 5.03","14000US25025000503",56037.0
2013,"Census Tract 9807","14000US25025980700",None
2014,"Census Tract 9807","14000US25025980700",None
2015,"Census Tract 9807","14000US25025980700",None
2013,"Census Tract 101.04","14000US25025010104",34779.0
2014,"Census Tract 101.04","14000US25025010104",47204.0
2015,"Census Tract 101.04","14000US25025010104",55278.0
2013,"Census Tract 108.01","14000US25025010801",131136.0
2014,"Census Tract 108.01","14000US25025010801",125417.0
2015,"Census Tract 108.01","14000US25025010801",103203.0
2013,"Census Tract 104.03","14000US25025010403",17186.0
2014,"Census Tract 104.03","14000US25025010403",17009.0
2015,"Census Tract 104.03","14000US25025010403",25641.0
2013,"Census Tract 815","14000US25025081500",31042.0
2014,"Census Tract 815","14000US25025081500",32524.0
2015,"Census Tract 815","14000US25025081500",34107.0
2013,"Census Tract 817","14000US25025081700",21635.0
2014,"Census Tract 817","14000US25025081700",27787.0
2015,"Census Tract 817","14000US25025081700",30819.0
2013,"Census Tract 818","14000US25025081800",27162.0
2014,"Census Tract 818","14000US25025081800",25852.0
2015,"Census Tract 818","14000US25025081800",26012.0
2013,"Census Tract 902","14000US25025090200",22199.0
2014,"Census Tract 902","14000US25025090200",23067.0
2015,"Census Tract 902","14000US25025090200",24432.0
2013,"Census Tract 1009","14000US25025100900",50343.0
2014,"Census Tract 1009","14000US25025100900",53517.0
2015,"Census Tract 1009","14000US25025100900",60744.0
2013,"Census Tract 1010.01","14000US25025101001",53618.0
2014,"Census Tract 1010.01","14000US25025101001",46733.0
2015,"Census Tract 1010.01","14000US25025101001",42330.0
2013,"Census Tract 1010.02","14000US25025101002",35085.0
2014,"Census Tract 1010.02","14000US25025101002",27715.0
2015,"Census Tract 1010.02","14000US25025101002",29365.0
2013,"Census Tract 1104.01","14000US25025110401",56532.0
2014,"Census Tract 1104.01","14000US25025110401",60095.0
2015,"Census Tract 1104.01","14000US25025110401",51439.0
2013,"Census Tract 1105.02","14000US25025110502",77625.0
2014,"Census Tract 1105.02","14000US25025110502",77083.0
2015,"Census Tract 1105.02","14000US25025110502",72318.0
2013,"Census Tract 1106.01","14000US25025110601",85346.0
2014,"Census Tract 1106.01","14000US25025110601",95556.0
2015,"Census Tract 1106.01","14000US25025110601",87426.0
2013,"Census Tract 1204","14000US25025120400",84375.0
2014,"Census Tract 1204","14000US25025120400",80513.0
2015,"Census Tract 1204","14000US25025120400",77462.0
2013,"Census Tract 1207","14000US25025120700",76098.0
2014,"Census Tract 1207","14000US25025120700",82321.0
2015,"Census Tract 1207","14000US25025120700",82763.0
2013,"Census Tract 1301","14000US25025130100",83621.0
2014,"Census Tract 1301","14000US25025130100",80923.0
2015,"Census Tract 1301","14000US25025130100",79844.0
2013,"Census Tract 1302","14000US25025130200",106321.0
2014,"Census Tract 1302","14000US25025130200",103476.0
2015,"Census Tract 1302","14000US25025130200",100952.0
2013,"Census Tract 1303","14000US25025130300",105735.0
2014,"Census Tract 1303","14000US25025130300",112262.0
2015,"Census Tract 1303","14000US25025130300",108472.0
2013,"Census Tract 1304.02","14000US25025130402",76866.0
2014,"Census Tract 1304.02","14000US25025130402",71875.0
2015,"Census Tract 1304.02","14000US25025130402",66394.0
2013,"Census Tract 1401.02","14000US25025140102",53641.0
2014,"Census Tract 1401.02","14000US25025140102",63607.0
2015,"Census Tract 1401.02","14000US25025140102",65457.0
2013,"Census Tract 4.01","14000US25025000401",38290.0
2014,"Census Tract 4.01","14000US25025000401",37819.0
2015,"Census Tract 4.01","14000US25025000401",44009.0
2013,"Census Tract 4.02","14000US25025000402",55756.0
2014,"Census Tract 4.02","14000US25025000402",54186.0
2015,"Census Tract 4.02","14000US25025000402",51776.0
2013,"Census Tract 3.02","14000US25025000302",69384.0
2014,"Census Tract 3.02","14000US25025000302",70362.0
2015,"Census Tract 3.02","14000US25025000302",72647.0
2013,"Census Tract 5.02","14000US25025000502",43672.0
2014,"Census Tract 5.02","14000US25025000502",36667.0
2015,"Census Tract 5.02","14000US25025000502",45230.0
2013,"Census Tract 608","14000US25025060800",86306.0
2014,"Census Tract 608","14000US25025060800",90761.0
2015,"Census Tract 608","14000US25025060800",93819.0
2013,"Census Tract 601.01","14000US25025060101",82481.0
2014,"Census Tract 601.01","14000US25025060101",94526.0
2015,"Census Tract 601.01","14000US25025060101",103895.0
2013,"Census Tract 304","14000US25025030400",72111.0
2014,"Census Tract 304","14000US25025030400",67367.0
2015,"Census Tract 304","14000US25025030400",74868.0
2013,"Census Tract 512","14000US25025051200",56875.0
2014,"Census Tract 512","14000US25025051200",61016.0
2015,"Census Tract 512","14000US25025051200",64808.0
2013,"Census Tract 504","14000US25025050400",52969.0
2014,"Census Tract 504","14000US25025050400",53065.0
2015,"Census Tract 504","14000US25025050400",51631.0
2013,"Census Tract 303","14000US25025030300",104154.0
2014,"Census Tract 303","14000US25025030300",100278.0
2015,"Census Tract 303","14000US25025030300",102277.0
2013,"Census Tract 612","14000US25025061200",71090.0
2014,"Census Tract 612","14000US25025061200",82244.0
2015,"Census Tract 612","14000US25025061200",102174.0
2013,"Census Tract 915","14000US25025091500",43681.0
2014,"Census Tract 915","14000US25025091500",44536.0
2015,"Census Tract 915","14000US25025091500",46165.0
2013,"Census Tract 922","14000US25025092200",67863.0
2014,"Census Tract 922","14000US25025092200",66198.0
2015,"Census Tract 922","14000US25025092200",67891.0
2013,"Census Tract 1008","14000US25025100800",68730.0
2014,"Census Tract 1008","14000US25025100800",65762.0
2015,"Census Tract 1008","14000US25025100800",73032.0
2013,"Census Tract 916","14000US25025091600",36127.0
2014,"Census Tract 916","14000US25025091600",38342.0
2015,"Census Tract 916","14000US25025091600",37484.0
2013,"Census Tract 705","14000US25025070500",76902.0
2014,"Census Tract 705","14000US25025070500",97500.0
2015,"Census Tract 705","14000US25025070500",113068.0
2013,"Census Tract 920","14000US25025092000",45813.0
2014,"Census Tract 920","14000US25025092000",44028.0
2015,"Census Tract 920","14000US25025092000",39608.0
2013,"Census Tract 701.01","14000US25025070101",69964.0
2014,"Census Tract 701.01","14000US25025070101",90268.0
2015,"Census Tract 701.01","14000US25025070101",89855.0
2013,"Census Tract 803","14000US25025080300",21563.0
2014,"Census Tract 803","14000US25025080300",22332.0
2015,"Census Tract 803","14000US25025080300",28378.0
2013,"Census Tract 1201.03","14000US25025120103",149167.0
2014,"Census Tract 1201.03","14000US25025120103",129875.0
2015,"Census Tract 1201.03","14000US25025120103",121513.0
2013,"Census Tract 105","14000US25025010500",40750.0
2014,"Census Tract 105","14000US25025010500",40771.0
2015,"Census Tract 105","14000US25025010500",43182.0
2013,"Census Tract 812","14000US25025081200",20559.0
2014,"Census Tract 812","14000US25025081200",20741.0
2015,"Census Tract 812","14000US25025081200",22194.0
2013,"Census Tract 1001","14000US25025100100",24886.0
2014,"Census Tract 1001","14000US25025100100",28671.0
2015,"Census Tract 1001","14000US25025100100",25504.0
2013,"Census Tract 1002","14000US25025100200",45000.0
2014,"Census Tract 1002","14000US25025100200",36762.0
2015,"Census Tract 1002","14000US25025100200",36543.0
2013,"Census Tract 1104.03","14000US25025110403",66105.0
2014,"Census Tract 1104.03","14000US25025110403",67031.0
2015,"Census Tract 1104.03","14000US25025110403",75064.0
2013,"Census Tract 102.03","14000US25025010203",37830.0
2014,"Census Tract 102.03","14000US25025010203",32228.0
2015,"Census Tract 102.03","14000US25025010203",23494.0
2013,"Census Tract 1203.01","14000US25025120301",66477.0
2014,"Census Tract 1203.01","14000US25025120301",76375.0
2015,"Census Tract 1203.01","14000US25025120301",75873.0
2013,"Census Tract 103","14000US25025010300",31250.0
2014,"Census Tract 103","14000US25025010300",33359.0
2015,"Census Tract 103","14000US25025010300",40000.0
2013,"Census Tract 1202.01","14000US25025120201",66081.0
2014,"Census Tract 1202.01","14000US25025120201",54513.0
2015,"Census Tract 1202.01","14000US25025120201",50705.0
2013,"Census Tract 1105.01","14000US25025110501",84656.0
2014,"Census Tract 1105.01","14000US25025110501",84020.0
2015,"Census Tract 1105.01","14000US25025110501",77727.0
2013,"Census Tract 1011.01","14000US25025101101",60610.0
2014,"Census Tract 1011.01","14000US25025101101",59277.0
2015,"Census Tract 1011.01","14000US25025101101",59133.0
2013,"Census Tract 1206","14000US25025120600",89628.0
2014,"Census Tract 1206","14000US25025120600",100599.0
2015,"Census Tract 1206","14000US25025120600",101585.0
2013,"Census Tract 821","14000US25025082100",20388.0
2014,"Census Tract 821","14000US25025082100",16599.0
2015,"Census Tract 821","14000US25025082100",17321.0
2013,"Census Tract 5.04","14000US25025000504",41630.0
2014,"Census Tract 5.04","14000US25025000504",35962.0
2015,"Census Tract 5.04","14000US25025000504",40694.0
2013,"Census Tract 7.03","14000US25025000703",19219.0
2014,"Census Tract 7.03","14000US25025000703",21219.0
2015,"Census Tract 7.03","14000US25025000703",29116.0
2013,"Census Tract 108.02","14000US25025010802",94298.0
2014,"Census Tract 108.02","14000US25025010802",102773.0
2015,"Census Tract 108.02","14000US25025010802",107202.0
2013,"Census Tract 102.04","14000US25025010204",28861.0
2014,"Census Tract 102.04","14000US25025010204",29821.0
2015,"Census Tract 102.04","14000US25025010204",30000.0
2013,"Census Tract 104.04","14000US25025010404",16394.0
2014,"Census Tract 104.04","14000US25025010404",20172.0
2015,"Census Tract 104.04","14000US25025010404",19572.0
2013,"Census Tract 810.01","14000US25025081001",28027.0
2014,"Census Tract 810.01","14000US25025081001",22170.0
2015,"Census Tract 810.01","14000US25025081001",21250.0
2013,"Census Tract 104.05","14000US25025010405",15541.0
2014,"Census Tract 104.05","14000US25025010405",13488.0
2015,"Census Tract 104.05","14000US25025010405",16993.0
2013,"Census Tract 1106.07","14000US25025110607",80740.0
2014,"Census Tract 1106.07","14000US25025110607",81076.0
2015,"Census Tract 1106.07","14000US25025110607",82037.0
2013,"Census Tract 1201.04","14000US25025120104",67083.0
2014,"Census Tract 1201.04","14000US25025120104",71477.0
2015,"Census Tract 1201.04","14000US25025120104",81919.0
2013,"Census Tract 9803","14000US25025980300",None
2014,"Census Tract 9803","14000US25025980300",None
2015,"Census Tract 9803","14000US25025980300",None
2013,"Census Tract 8.03","14000US25025000803",33914.0
2014,"Census Tract 8.03","14000US25025000803",31683.0
2015,"Census Tract 8.03","14000US25025000803",32140.0
2013,"Census Tract 7.04","14000US25025000704",44259.0
2014,"Census Tract 7.04","14000US25025000704",49417.0
2015,"Census Tract 7.04","14000US25025000704",48633.0
2013,"Census Tract 104.08","14000US25025010408",62619.0
2014,"Census Tract 104.08","14000US25025010408",65000.0
2015,"Census Tract 104.08","14000US25025010408",61806.0
2013,"Census Tract 107.01","14000US25025010701",99234.0
2014,"Census Tract 107.01","14000US25025010701",99307.0
2015,"Census Tract 107.01","14000US25025010701",98595.0
2013,"Census Tract 1201.05","14000US25025120105",160446.0
2014,"Census Tract 1201.05","14000US25025120105",155417.0
2015,"Census Tract 1201.05","14000US25025120105",156920.0
2013,"Census Tract 8.02","14000US25025000802",39032.0
2014,"Census Tract 8.02","14000US25025000802",31198.0
2015,"Census Tract 8.02","14000US25025000802",38389.0
2013,"Census Tract 9811","14000US25025981100",10809.0
2014,"Census Tract 9811","14000US25025981100",12813.0
2015,"Census Tract 9811","14000US25025981100",29545.0
2013,"Census Tract 9818","14000US25025981800",55938.0
2014,"Census Tract 9818","14000US25025981800",180417.0
2015,"Census Tract 9818","14000US25025981800",None
2013,"Census Tract 9815.01","14000US25025981501",None
2014,"Census Tract 9815.01","14000US25025981501",None
2015,"Census Tract 9815.01","14000US25025981501",None
2013,"Census Tract 804.01","14000US25025080401",18203.0
2014,"Census Tract 804.01","14000US25025080401",19034.0
2015,"Census Tract 804.01","14000US25025080401",23854.0
2013,"Census Tract 805","14000US25025080500",18021.0
2014,"Census Tract 805","14000US25025080500",19311.0
2015,"Census Tract 805","14000US25025080500",22721.0
2013,"Census Tract 1103.01","14000US25025110301",74707.0
2014,"Census Tract 1103.01","14000US25025110301",74469.0
2015,"Census Tract 1103.01","14000US25025110301",73438.0
2013,"Census Tract 808.01","14000US25025080801",17500.0
2014,"Census Tract 808.01","14000US25025080801",24903.0
2015,"Census Tract 808.01","14000US25025080801",26120.0
2013,"Census Tract 809","14000US25025080900",39792.0
2014,"Census Tract 809","14000US25025080900",51583.0
2015,"Census Tract 809","14000US25025080900",51680.0
2013,"Census Tract 1205","14000US25025120500",52500.0
2014,"Census Tract 1205","14000US25025120500",65712.0
2015,"Census Tract 1205","14000US25025120500",66884.0
2013,"Census Tract 106","14000US25025010600",86250.0
2014,"Census Tract 106","14000US25025010600",85726.0
2015,"Census Tract 106","14000US25025010600",93482.0
2013,"Census Tract 101.03","14000US25025010103",17868.0
2014,"Census Tract 101.03","14000US25025010103",28690.0
2015,"Census Tract 101.03","14000US25025010103",24444.0
2013,"Census Tract 1101.03","14000US25025110103",65455.0
2014,"Census Tract 1101.03","14000US25025110103",68429.0
2015,"Census Tract 1101.03","14000US25025110103",64116.0
2013,"Census Tract 9810","14000US25025981000",None
2014,"Census Tract 9810","14000US25025981000",None
2015,"Census Tract 9810","14000US25025981000",None
2013,"Census Tract 813","14000US25025081300",21639.0
2014,"Census Tract 813","14000US25025081300",21634.0
2015,"Census Tract 813","14000US25025081300",20914.0
2013,"Census Tract 820","14000US25025082000",36711.0
2014,"Census Tract 820","14000US25025082000",26276.0
2015,"Census Tract 820","14000US25025082000",26635.0
2013,"Census Tract 708","14000US25025070800",69340.0
2014,"Census Tract 708","14000US25025070800",96155.0
2015,"Census Tract 708","14000US25025070800",92500.0
2013,"Census Tract 1102.01","14000US25025110201",45329.0
2014,"Census Tract 1102.01","14000US25025110201",46341.0
2015,"Census Tract 1102.01","14000US25025110201",45945.0
2013,"Census Tract 811","14000US25025081100",47608.0
2014,"Census Tract 811","14000US25025081100",53497.0
2015,"Census Tract 811","14000US25025081100",47813.0
2013,"Census Tract 814","14000US25025081400",43973.0
2014,"Census Tract 814","14000US25025081400",43688.0
2015,"Census Tract 814","14000US25025081400",42585.0
2013,"Census Tract 924","14000US25025092400",31292.0
2014,"Census Tract 924","14000US25025092400",30360.0
2015,"Census Tract 924","14000US25025092400",31446.0
2013,"Census Tract 1003","14000US25025100300",48464.0
2014,"Census Tract 1003","14000US25025100300",48320.0
2015,"Census Tract 1003","14000US25025100300",46250.0
2013,"Census Tract 1011.02","14000US25025101102",36906.0
2014,"Census Tract 1011.02","14000US25025101102",36000.0
2015,"Census Tract 1011.02","14000US25025101102",39688.0
2013,"Census Tract 2.01","14000US25025000201",63784.0
2014,"Census Tract 2.01","14000US25025000201",65446.0
2015,"Census Tract 2.01","14000US25025000201",68406.0
2013,"Census Tract 2.02","14000US25025000202",51636.0
2014,"Census Tract 2.02","14000US25025000202",52083.0
2015,"Census Tract 2.02","14000US25025000202",60714.0
2013,"Census Tract 1","14000US25025000100",54107.0
2014,"Census Tract 1","14000US25025000100",53015.0
2015,"Census Tract 1","14000US25025000100",58542.0
2013,"Census Tract 3.01","14000US25025000301",81927.0
2014,"Census Tract 3.01","14000US25025000301",78250.0
2015,"Census Tract 3.01","14000US25025000301",79792.0
2013,"Census Tract 6.02","14000US25025000602",26138.0
2014,"Census Tract 6.02","14000US25025000602",26165.0
2015,"Census Tract 6.02","14000US25025000602",24286.0
2013,"Census Tract 7.01","14000US25025000701",42003.0
2014,"Census Tract 7.01","14000US25025000701",40565.0
2015,"Census Tract 7.01","14000US25025000701",43086.0
2013,"Census Tract 6.01","14000US25025000601",52125.0
2014,"Census Tract 6.01","14000US25025000601",53796.0
2015,"Census Tract 6.01","14000US25025000601",54352.0
2013,"Census Tract 604","14000US25025060400",90975.0
2014,"Census Tract 604","14000US25025060400",95085.0
2015,"Census Tract 604","14000US25025060400",96789.0
2013,"Census Tract 201.01","14000US25025020101",97062.0
2014,"Census Tract 201.01","14000US25025020101",99456.0
2015,"Census Tract 201.01","14000US25025020101",104085.0
2013,"Census Tract 611.01","14000US25025061101",16172.0
2014,"Census Tract 611.01","14000US25025061101",16710.0
2015,"Census Tract 611.01","14000US25025061101",15938.0
2013,"Census Tract 1006.01","14000US25025100601",56414.0
2014,"Census Tract 1006.01","14000US25025100601",58426.0
2015,"Census Tract 1006.01","14000US25025100601",59205.0
2013,"Census Tract 408.01","14000US25025040801",49432.0
2014,"Census Tract 408.01","14000US25025040801",54159.0
2015,"Census Tract 408.01","14000US25025040801",60192.0
2013,"Census Tract 712.01","14000US25025071201",44965.0
2014,"Census Tract 712.01","14000US25025071201",44239.0
2015,"Census Tract 712.01","14000US25025071201",48333.0
2013,"Census Tract 501.01","14000US25025050101",43660.0
2014,"Census Tract 501.01","14000US25025050101",42763.0
2015,"Census Tract 501.01","14000US25025050101",42875.0
2013,"Census Tract 603.01","14000US25025060301",82143.0
2014,"Census Tract 603.01","14000US25025060301",83015.0
2015,"Census Tract 603.01","14000US25025060301",81098.0
2013,"Census Tract 509.01","14000US25025050901",54392.0
2014,"Census Tract 509.01","14000US25025050901",62570.0
2015,"Census Tract 509.01","14000US25025050901",60769.0
2013,"Census Tract 913","14000US25025091300",35347.0
2014,"Census Tract 913","14000US25025091300",34922.0
2015,"Census Tract 913","14000US25025091300",35647.0
2013,"Census Tract 305","14000US25025030500",102986.0
2014,"Census Tract 305","14000US25025030500",103250.0
2015,"Census Tract 305","14000US25025030500",102782.0
2013,"Census Tract 505","14000US25025050500",47781.0
2014,"Census Tract 505","14000US25025050500",47869.0
2015,"Census Tract 505","14000US25025050500",44375.0
2013,"Census Tract 917","14000US25025091700",51106.0
2014,"Census Tract 917","14000US25025091700",47571.0
2015,"Census Tract 917","14000US25025091700",41066.0
2013,"Census Tract 702","14000US25025070200",18975.0
2014,"Census Tract 702","14000US25025070200",19532.0
2015,"Census Tract 702","14000US25025070200",20905.0
2013,"Census Tract 301","14000US25025030100",63750.0
2014,"Census Tract 301","14000US25025030100",68350.0
2015,"Census Tract 301","14000US25025030100",76458.0
2013,"Census Tract 401","14000US25025040100",119509.0
2014,"Census Tract 401","14000US25025040100",124622.0
2015,"Census Tract 401","14000US25025040100",130455.0
2013,"Census Tract 203.03","14000US25025020303",75341.0
2014,"Census Tract 203.03","14000US25025020303",85119.0
2015,"Census Tract 203.03","14000US25025020303",81607.0
2013,"Census Tract 605.01","14000US25025060501",98723.0
2014,"Census Tract 605.01","14000US25025060501",99563.0
2015,"Census Tract 605.01","14000US25025060501",101845.0
2013,"Census Tract 203.01","14000US25025020301",95080.0
2014,"Census Tract 203.01","14000US25025020301",106630.0
2015,"Census Tract 203.01","14000US25025020301",114643.0
2013,"Census Tract 203.02","14000US25025020302",88807.0
2014,"Census Tract 203.02","14000US25025020302",81680.0
2015,"Census Tract 203.02","14000US25025020302",92200.0
2013,"Census Tract 510","14000US25025051000",47841.0
2014,"Census Tract 510","14000US25025051000",52170.0
2015,"Census Tract 510","14000US25025051000",53571.0
2013,"Census Tract 9815.02","14000US25025981502",None
2014,"Census Tract 9815.02","14000US25025981502",None
2015,"Census Tract 9815.02","14000US25025981502",None
2013,"Census Tract 1007","14000US25025100700",69844.0
2014,"Census Tract 1007","14000US25025100700",71367.0
2015,"Census Tract 1007","14000US25025100700",72338.0
2013,"Census Tract 801","14000US25025080100",31712.0
2014,"Census Tract 801","14000US25025080100",27318.0
2015,"Census Tract 801","14000US25025080100",30524.0
2013,"Census Tract 9813","14000US25025981300",80303.0
2014,"Census Tract 9813","14000US25025981300",82788.0
2015,"Census Tract 9813","14000US25025981300",86250.0
2013,"Census Tract 9817","14000US25025981700",None
2014,"Census Tract 9817","14000US25025981700",None
2015,"Census Tract 9817","14000US25025981700",None
2013,"Census Tract 9901.01","14000US25025990101",None
2014,"Census Tract 9901.01","14000US25025990101",None
2015,"Census Tract 9901.01","14000US25025990101",None
2013,"Census Tract 9812.01","14000US25025981201",None
2014,"Census Tract 9812.01","14000US25025981201",None
2015,"Census Tract 9812.01","14000US25025981201",None
2013,"Census Tract 906","14000US25025090600",50640.0
2014,"Census Tract 906","14000US25025090600",40250.0
2015,"Census Tract 906","14000US25025090600",39489.0
2013,"Census Tract 921.01","14000US25025092101",46642.0
2014,"Census Tract 921.01","14000US25025092101",50690.0
2015,"Census Tract 921.01","14000US25025092101",45863.0
2013,"Census Tract 511.01","14000US25025051101",53065.0
2014,"Census Tract 511.01","14000US25025051101",47813.0
2015,"Census Tract 511.01","14000US25025051101",46794.0
2013,"Census Tract 9816","14000US25025981600",None
2014,"Census Tract 9816","14000US25025981600",None
2015,"Census Tract 9816","14000US25025981600",None
2013,"Census Tract 909.01","14000US25025090901",26783.0
2014,"Census Tract 909.01","14000US25025090901",24726.0
2015,"Census Tract 909.01","14000US25025090901",26660.0
2013,"Census Tract 704.02","14000US25025070402",15565.0
2014,"Census Tract 704.02","14000US25025070402",13693.0
2015,"Census Tract 704.02","14000US25025070402",15848.0
2013,"Census Tract 907","14000US25025090700",54293.0
2014,"Census Tract 907","14000US25025090700",51667.0
2015,"Census Tract 907","14000US25025090700",51885.0
2013,"Census Tract 9812.02","14000US25025981202",None
2014,"Census Tract 9812.02","14000US25025981202",None
2015,"Census Tract 9812.02","14000US25025981202",None
2013,"Census Tract 1006.03","14000US25025100603",64861.0
2014,"Census Tract 1006.03","14000US25025100603",76553.0
2015,"Census Tract 1006.03","14000US25025100603",80139.0
2013,"Census Tract 9801.01","14000US25025980101",None
2014,"Census Tract 9801.01","14000US25025980101",None
2015,"Census Tract 9801.01","14000US25025980101",None
2013,"Census Tract 910.01","14000US25025091001",62283.0
2014,"Census Tract 910.01","14000US25025091001",66250.0
2015,"Census Tract 910.01","14000US25025091001",64000.0
2013,"Census Tract 404.01","14000US25025040401",58021.0
2014,"Census Tract 404.01","14000US25025040401",57569.0
2015,"Census Tract 404.01","14000US25025040401",53438.0
2013,"Census Tract 911","14000US25025091100",75180.0
2014,"Census Tract 911","14000US25025091100",61506.0
2015,"Census Tract 911","14000US25025091100",62354.0
2013,"Census Tract 912","14000US25025091200",67941.0
2014,"Census Tract 912","14000US25025091200",70798.0
2015,"Census Tract 912","14000US25025091200",66836.0
2013,"Census Tract 914","14000US25025091400",30474.0
2014,"Census Tract 914","14000US25025091400",33242.0
2015,"Census Tract 914","14000US25025091400",36625.0
2013,"Census Tract 302","14000US25025030200",67258.0
2014,"Census Tract 302","14000US25025030200",72554.0
2015,"Census Tract 302","14000US25025030200",76667.0
2013,"Census Tract 918","14000US25025091800",42604.0
2014,"Census Tract 918","14000US25025091800",40000.0
2015,"Census Tract 918","14000US25025091800",45114.0
2013,"Census Tract 606","14000US25025060600",92014.0
2014,"Census Tract 606","14000US25025060600",110109.0
2015,"Census Tract 606","14000US25025060600",112688.0
2013,"Census Tract 607","14000US25025060700",21356.0
2014,"Census Tract 607","14000US25025060700",16964.0
2015,"Census Tract 607","14000US25025060700",22469.0
2013,"Census Tract 610","14000US25025061000",22933.0
2014,"Census Tract 610","14000US25025061000",27292.0
2015,"Census Tract 610","14000US25025061000",24814.0
2013,"Census Tract 202","14000US25025020200",74300.0
2014,"Census Tract 202","14000US25025020200",75197.0
2015,"Census Tract 202","14000US25025020200",74800.0
2013,"Census Tract 403","14000US25025040300",118722.0
2014,"Census Tract 403","14000US25025040300",116830.0
2015,"Census Tract 403","14000US25025040300",102768.0
2013,"Census Tract 502","14000US25025050200",50740.0
2014,"Census Tract 502","14000US25025050200",52448.0
2015,"Census Tract 502","14000US25025050200",51847.0
2013,"Census Tract 503","14000US25025050300",14808.0
2014,"Census Tract 503","14000US25025050300",15054.0
2015,"Census Tract 503","14000US25025050300",18021.0
2013,"Census Tract 506","14000US25025050600",44412.0
2014,"Census Tract 506","14000US25025050600",46429.0
2015,"Census Tract 506","14000US25025050600",60057.0
2013,"Census Tract 507","14000US25025050700",59309.0
2014,"Census Tract 507","14000US25025050700",55125.0
2015,"Census Tract 507","14000US25025050700",55000.0
2013,"Census Tract 402","14000US25025040200",48583.0
2014,"Census Tract 402","14000US25025040200",47527.0
2015,"Census Tract 402","14000US25025040200",43929.0
2013,"Census Tract 602","14000US25025060200",91742.0
2014,"Census Tract 602","14000US25025060200",97305.0
2015,"Census Tract 602","14000US25025060200",106550.0
2013,"Census Tract 703","14000US25025070300",118558.0
2014,"Census Tract 703","14000US25025070300",122540.0
2015,"Census Tract 703","14000US25025070300",102102.0
2013,"Census Tract 1004","14000US25025100400",52273.0
2014,"Census Tract 1004","14000US25025100400",52485.0
2015,"Census Tract 1004","14000US25025100400",61793.0
2013,"Census Tract 1005","14000US25025100500",55015.0
2014,"Census Tract 1005","14000US25025100500",49510.0
2015,"Census Tract 1005","14000US25025100500",51558.0
2013,"Census Tract 709","14000US25025070900",54367.0
2014,"Census Tract 709","14000US25025070900",71000.0
2015,"Census Tract 709","14000US25025070900",46472.0
2013,"Census Tract 706","14000US25025070600",96094.0
2014,"Census Tract 706","14000US25025070600",105391.0
2015,"Census Tract 706","14000US25025070600",116354.0
2013,"Census Tract 707","14000US25025070700",65114.0
2014,"Census Tract 707","14000US25025070700",76765.0
2015,"Census Tract 707","14000US25025070700",98482.0
2013,"Census Tract 107.02","14000US25025010702",106250.0
2014,"Census Tract 107.02","14000US25025010702",111923.0
2015,"Census Tract 107.02","14000US25025010702",118508.0
2013,"Census Tract 919","14000US25025091900",38056.0
2014,"Census Tract 919","14000US25025091900",39464.0
2015,"Census Tract 919","14000US25025091900",42957.0
2013,"Census Tract 903","14000US25025090300",27250.0
2014,"Census Tract 903","14000US25025090300",24271.0
2015,"Census Tract 903","14000US25025090300",25652.0
2013,"Census Tract 904","14000US25025090400",31914.0
2014,"Census Tract 904","14000US25025090400",35125.0
2015,"Census Tract 904","14000US25025090400",32150.0
2013,"Census Tract 923","14000US25025092300",40580.0
2014,"Census Tract 923","14000US25025092300",36917.0
2015,"Census Tract 923","14000US25025092300",42500.0
2013,"Census Tract 711.01","14000US25025071101",41525.0
2014,"Census Tract 711.01","14000US25025071101",42551.0
2015,"Census Tract 711.01","14000US25025071101",42431.0
2013,"Census Tract 406","14000US25025040600",121442.0
2014,"Census Tract 406","14000US25025040600",136875.0
2015,"Census Tract 406","14000US25025040600",121096.0
